name,balance,card,password
Alex Webb,-7993.71,5468108397327318,vewelopep54744
Stella Watkins,+4369.17,6207396335440384,je40257
Alta Perez,-8745.00,4386354081238690,ovnub43239
Max Greene,+6419.70,4026429513798283,bo50648
Lillie Fields,+1342.74,3528459137056748,gu95664
Hulda Hamilton,+2302.94,6304983294359606,pefge68077
Jay Jensen,-8701.66,201418878866566,juzke77172
Bess Massey,-6871.84,6334471812893805,oti90274
Christina Phillips,+6470.25,4082614492361762,muzwulzac12705
Luella Wilkins,-6997.91,5442829512709491,wedunwa39501
