id,name,start,status
Z0GZP,Ronald Rolins,20240426,regular
5D78T,Williams Shoulder,20201227,regular
0RW3Y,Bernice Kuwahara,20230102,regular
76E2P,Micheal Dillis,20240809,regular
MIVQI,Wade Worland,20220914,regular
OSUDK,Alfonso Krason,20251217,silver
LMDPY,Karlene Neidhardt,20211104,silver
29PSK,Micki Nowlen,20220117,gold
61787,Fred Roofner,20201018,silver
1A85P,Katherine Alo,20221202,regular
UZ9P8,Un Krouse,20200709,regular
S5F92,Joey Spakes,20200806,regular
A7627,Elwood Hendrickson,20210413,regular
T9281,Bari Parayuelos,20200712,gold
1TXD1,Ma Sollie,20241224,regular
TP6MO,Leo Mayer,20210409,gold
N366I,Billie Rosen,20221010,regular
0J7K6,Bruno Vanochten,20220311,silver
X6JPU,Ciera Weitkamp,20220822,silver
8STK9,Frederic Niffenegger,20250611,regular
4A1DC,Jonah Toner,20240410,silver
OT9RJ,Marshall Ostrosky,20220418,gold
9LD39,Kurt Poyer,20220703,silver
W9DEA,Conchita Wedlow,20230603,silver
2H05Y,Charlott Tag,20260129,gold
WA756,Guillermo Danner,20200402,silver
VV6XD,Melany Sandell,20260129,gold
9LCAK,Lana Raspberry,20211121,regular
Z6CXY,Del Kemery,20200217,regular
MU7ZV,Kevin Mendivil,20220410,silver
9O66B,Gema Mazzera,20240104,silver
108A1,Gilberte Ignacio,20250401,regular
42OY2,Conrad Morad,20241225,regular
N9LYV,Leoma Pistole,20240912,silver
XKPH2,Val Portlock,20210503,silver
T068M,Kurt Barlak,20230917,regular
NV13R,Jeane Germinaro,20221005,silver
485F3,Hassan Branon,20260130,gold
RO9BX,Pierre Webley,20210226,silver
1895T,Gregoria Moran,20251010,regular
K489V,Mario Reddish,20200622,silver
7PC46,Carlton Reaper,20231116,regular
Y5651,Ngoc Deida,20240808,regular
LUKIY,Marianna Hippley,20250319,silver
65A59,Billie Survis,20240612,regular
L085C,Tu Lipkovitch,20210124,regular
E3LLO,Marcelino Mailliard,20231019,regular
775CK,Daphne Kevorkian,20240303,regular
VRKXA,Erwin Itkin,20221125,silver
4ND0M,Dreama Cecchetti,20240420,silver
WEYCO,Launa Heit,20221118,regular
P8823,Rich Rierson,20240322,regular
WZQX0,Gordon Sixt,20240306,silver
20PS8,Luanne Cavicchia,20240902,gold
5GVS2,Junior Jinkins,20250512,regular
0D00R,Christine Moribayed,20250409,regular
269XV,Jamie Scaglione,20211101,regular
01MJM,Everette Hughson,20240716,gold
7SH64,Lawrence Rogal,20211227,regular
RQ40K,Rich Prucnal,20221103,gold
BYBTH,Lenora Schreifels,20240204,regular
85HAY,Yolonda Kadlubowski,20210124,regular
87429,Renita Roperto,20211121,gold
K79N8,Francis Araiza,20230203,regular
QKKXR,Patrina Vlahos,20250507,regular
U5N1Y,Hortense Scherler,20250116,regular
CH5GX,Stefan Deramus,20250320,gold
P5ZUD,Mana Trawick,20250221,gold
BE0X9,Krystin Peck,20200126,silver
A31M2,Veronica Chinzi,20200318,silver
4L5Q9,Jesenia Dumouchel,20200120,silver
P9WN6,Mariano Zulkowski,20211024,regular
E5DD7,George Loredo,20210502,silver
W7A7F,Brett Deshotels,20230926,gold
YU21R,Lionel Barkes,20220121,regular
R8806,Herschel Nunery,20220916,regular
F2D4M,Yelena Whitler,20220521,regular
I801A,Angele Cregeen,20211009,silver
36THU,Jerrica Crislip,20240426,silver
I6V83,Kurt Laplante,20210915,silver
RJA4H,Broderick Striplin,20250723,silver
1W1GT,Cecil Vandermeer,20200621,silver
7BU7M,Emmanuel Dittberner,20220523,regular
0EUN0,Franklin Genga,20211126,regular
5560P,Lemuel Shipper,20220121,regular
D29I5,Alonso Kermes,20230525,regular
XIO6P,Sherryl Hauk,20240825,silver
WHT4G,Cody Gleaton,20230415,silver
37784,Salvatore Bligen,20230526,regular
Q9XA6,Cliff Burgen,20231023,gold
SZV83,Graig Lippard,20221004,regular
1D886,Anne Schleis,20220102,silver
16207,Sheldon Fishel,20220524,silver
LRPSI,Julissa Bentzen,20221223,regular
OSJYP,Akiko Stabley,20250724,silver
0XHG4,Rickie Delgiudice,20210103,gold
6V5VA,Muoi Cary,20220703,regular
46I6X,Chong Stayton,20210727,regular
8PLQX,Emmett Takehara,20200905,regular
47G73,Keenan Iveans,20200919,silver
2AOVM,Wm Isales,20250416,silver
40Q7A,Delbert Shiring,20230219,gold
S4Q34,Quentin Spire,20220416,gold
Y5F50,Celine Rattu,20221113,regular
9OK89,Saturnina Kenter,20220403,silver
7HF82,Allene Rulison,20200703,regular
EC4GH,Glen Villaluazo,20240501,regular
WT6HR,Rhonda Behl,20210615,regular
0U0ZR,Eunice Seier,20211016,silver
8G53Z,Aurea Takes,20241002,regular
Y9EAJ,Sebastian Eyerman,20230202,silver
3LVB5,Levi Bachner,20250813,regular
H98PT,Joesph Hemm,20250511,regular
V2M3D,Sharell Boyn,20211018,regular
33444,Vernia Eshlerman,20250705,silver
5CUNL,Myong Nido,20200716,regular
JCE37,Everette Fray,20250404,gold
G6122,Rosaura Bangura,20201004,silver
DK2B6,Rufus Prowse,20200807,regular
ZGYYZ,Kent Warmath,20220116,regular
QSHC3,Jenniffer Augeri,20220313,regular
I571M,Doloris Brundidge,20210301,silver
5LIUB,Frances Werre,20211005,regular
41C0C,Brittney Garfield,20210109,silver
U4XAM,Chung Touhey,20251004,regular
08K5Y,Kerry Beckelhimer,20200913,silver
67D51,Vikki Minish,20220524,regular
251RL,Apryl Christopher,20211209,silver
3C5TZ,Lenna Policar,20241206,silver
RV3C6,Kami Kimbal,20201027,gold
LE350,Alfonso Desautels,20211201,gold
5Z4MJ,Maryln Muzacz,20250501,silver
5874A,Sang Grinnan,20220507,silver
8BETH,Stanton Kaupp,20250410,gold
T73C9,Bridget Peeters,20230708,silver
U21K3,Elmira Mouret,20250423,regular
XR897,Edgardo Buckles,20200527,silver
G092B,Hank Skillom,20200225,gold
OAF87,Garnet Galustian,20231021,regular
530F9,Maude Barkenhagen,20250806,regular
L5H75,Zenia Voll,20200407,regular
5TV25,Wilmer Jacox,20251226,regular
2CX51,Bridgette Daisley,20241121,silver
O4GCO,Georgianne Chamber,20200914,gold
9ZW1F,Ted Bozzone,20240217,silver
6624E,Otis Alberty,20240704,silver
E2AQ0,Marcellus Keesey,20240902,gold
C8HUT,Roderick Andris,20240621,silver
LD89K,Dallas Goslee,20231204,regular
GWG80,Eugene Alcine,20250223,silver
WPVOZ,Roni Cantor,20200408,silver
8P744,Dennise Bekins,20240807,regular
4S0KO,Sandy Kaspari,20230721,regular
87WIZ,Reynaldo Vanhoose,20201120,silver
Z83Y9,Reuben Knoeppel,20211022,silver
T378X,Mitch Fossett,20200602,gold
RXTF3,Tessa Komm,20250219,silver
526M9,Hortencia Moncada,20211206,silver
N14RC,Gus Gizzo,20200709,gold
9O381,Stephany Hoang,20200418,gold
TK25K,Kelley Fieldhouse,20250225,gold
K39A0,Angelika Spina,20230510,silver
V9FHH,Corrin Olcus,20200223,silver
N8NHH,Jaquelyn Coutee,20200620,silver
N5RNQ,Marsha Thornock,20211115,regular
Q5207,Monet Engley,20231013,silver
5TXZL,Deon Northan,20200522,regular
2PXIR,Arlen Schop,20250509,silver
EFB5R,Quincy Devit,20241005,regular
XDME5,Tracey Stcroix,20210605,regular
56JO6,Skye Ordner,20220411,regular
R383Z,Leena Karol,20220214,regular
XP582,Venessa Magone,20210804,regular
K7843,Wilford Kundinger,20240819,regular
N410W,Toccara Ruhling,20240915,regular
025YG,Bruno Gardemal,20210309,regular
FY67Y,Vera Dobison,20201203,regular
LQAZ4,Bong Samiec,20231022,regular
50SBZ,Rusty Ridolfi,20241126,silver
74KM9,Nana Giessler,20230412,silver
Z9P7I,Renate Bolebruch,20230307,regular
HP17I,George Sainz,20200414,silver
86I9Z,Quentin Melching,20210912,silver
872OJ,Opal Baas,20241102,gold
5708M,Ellan Bynes,20210908,regular
7JK60,Cheree Loreman,20220210,silver
7J6JM,Ione Serb,20231009,silver
CJ4KL,Eldon Wischmeier,20211203,gold
QJ892,Yi Pineau,20251213,silver
M6J15,Olevia Morena,20200912,silver
CY9BT,Marcelina Hirons,20231223,regular
607IO,Erwin Fouracre,20220914,silver
C8S5R,Jame Zarr,20230922,silver
OB2X4,Elden Letman,20230206,silver
6CN6K,Grace Haque,20211008,silver
INV8G,Mikel Huddle,20220504,gold
156LQ,Athena Woolf,20240916,silver
VQX7B,Micah Phillipson,20201025,silver
L0E5A,Grady Huyser,20210220,gold
PWC91,Aracelis Drakes,20200122,regular
88554,Kam Tavolacci,20250309,gold
RJ7Z3,Marlin Honey,20230502,regular
U133L,Lael Omura,20200204,gold
ER9J3,Clare Downen,20240302,gold
I315Q,Russel Sipe,20240405,gold
G2S2I,Clarence Fenlon,20240915,silver
8Z7KP,Antione Juvera,20231218,gold
5BS73,Claire Loynd,20230805,silver
A4AQ3,Shaneka Fulson,20211227,gold
RGRY8,Ivelisse Szumny,20250206,silver
047I8,Caroyln Woodfin,20251207,regular
12654,Gerry Artiles,20221117,silver
B4A91,Eric Prentiss,20210914,gold
4D3RN,Rosalee Bigford,20230325,silver
UQQR1,Darell Desola,20210510,regular
6452P,Laurine Bousman,20250323,regular
62S1A,Manda Steady,20200907,silver
F848U,Graham Orgill,20221003,regular
R84R0,Leanora Pavey,20230304,gold
KMG08,Debbi Mccaslin,20200421,regular
02GJF,Nicky Gold,20210125,silver
29QY3,Jolie Bernskoetter,20250313,regular
E4MQS,Dianna Eyster,20240505,regular
72A4D,Earnest Rigas,20251120,regular
HFH8Q,Celestina Sandmann,20250213,gold
1P09N,Aisha Keaveny,20210325,regular
TM6IE,Cari Emry,20200608,silver
Y1H26,Ute Klawitter,20230614,regular
9N2PO,Abe Stiliner,20230815,regular
AQ112,Chase Rollow,20251125,regular
O4VZ6,Soo Falah,20201005,silver
7ZTQ7,Alyssa Faggett,20201013,regular
ZQNR6,Owen Grae,20200204,regular
27UMQ,Enedina Cassells,20221208,silver
WY61L,Jose Wai,20201121,regular
U974T,France Leipheimer,20230412,regular
SOVY7,Drew Lefeber,20210517,silver
F2UOY,Brooks Ngin,20230601,gold
T9OYS,Manuel Mckennon,20210915,silver
E3D2Y,Letty Pawlikowski,20230519,gold
QBFP9,Kaylene Caracciolo,20230421,silver
MF1L1,Nickole Wank,20210426,silver
73HBN,Elias Sahm,20211223,regular
8ECR1,Rosaria Krein,20220915,silver
4VT37,Elisa Rummler,20250402,regular
61P75,Sonja Warlow,20230826,gold
65NZ8,Elizbeth Stukel,20230703,silver
0O3L5,Howard Doulani,20230517,silver
OEJAC,Filiberto Lazor,20221001,regular
8XUCH,Paulita Lofland,20240812,regular
2PB8O,Chuck Streeby,20221218,silver
IJ9XG,Lawanda Bryant,20250806,silver
GRAU8,Milda Ninh,20201108,regular
BTC73,Oda Campell,20240920,regular
T9912,August Maruschak,20260131,gold
Q9NQ1,Willard Peeling,20211202,gold
Q6VQ8,Christoper Bowlin,20230714,gold
7FRVM,Cameron Aprea,20210820,regular
D9N3R,Silas Stokan,20250415,regular
N2LAR,Quentin Lamascolo,20230318,gold
1OF9J,Simonne Malory,20241216,regular
Y6IEG,Tawanna Franey,20220521,regular
6T7IY,Ruth Pihl,20221204,gold
HEVRF,Dale Barberio,20250905,gold
V32QR,Star Puccetti,20240104,regular
K5SH2,Alessandra Aas,20230809,silver
J9W49,Royce Tin,20240812,gold
TSJSA,Arla Panganiban,20211119,silver
8FDB2,Mika Puma,20241011,regular
KHFEX,Eldora Michelle,20241026,silver
6GJ61,Alfonso Hamparian,20240102,regular
468EY,Latesha Brouwers,20230911,gold
S344Y,Wendi Mitschelen,20210924,regular
NSQ66,Lela Disanti,20241210,regular
7X421,Andre Jaskiewicz,20200811,regular
L2J37,Raelene Massy,20250202,gold
RFRZ3,Elba Serge,20210104,gold
NVYCP,Nena Amsili,20250826,silver
65Q51,Thaddeus Modin,20250621,regular
4Y0WK,Sherman Wisbey,20220401,regular
JKP13,Rosalva Filipovich,20211122,regular
1YHCE,Gregg Vijayan,20221022,regular
S349W,Sherrie Cardazone,20200303,gold
8UYGI,Millard Mechem,20210615,silver
03W5B,Aundrea Mahmoud,20230119,regular
Q081Y,Dave Cables,20230214,silver
EGYR4,Omer Bedlion,20251022,regular
T8026,Joshua Dowers,20240119,silver
THYR4,Illiago Huaga,20251022,gold
EANG5,Rodrick Corns,20200618,regular
X454L,Giselle Delaroca,20210709,regular
ENFF2,Debbra Vario,20210923,silver
9N0B9,Eliseo Berentson,20210805,silver
4U08H,Jame Rybolt,20230727,silver
38107,Milan Cluesman,20250816,silver
FILMR,Ellyn Mottley,20220214,regular
85LYA,Ross Savage,20210711,regular
T96AX,Neda Klingbeil,20251005,silver
6HL3K,Bobby Veltz,20200410,silver
0890U,Winston Instasi,20240522,regular
JQA4B,Jani Bealer,20230905,silver
N9IU7,Man Cardoni,20220112,regular
GB8WM,Larraine Story,20220418,regular
7M78U,Cheree Nieminen,20231226,gold
W6129,Roy Bakkum,20201020,regular
1UUAY,Euna Retz,20220809,regular
PFJ91,Heath Heynen,20200219,gold
T6EAF,Sharda Whitecloud,20230408,silver
U0G1V,Danita Cloos,20240120,regular
9QT3C,Kirby Campellone,20210826,regular
5RNMO,Esteban Battisto,20251120,silver
J3CHR,Blaine Dainels,20220619,regular
M8H2S,Frederick Malkiewicz,20220801,regular
24902,Misti Heng,20220914,regular
147H2,Jazmine Malak,20201208,regular
YE0FX,Maurice Coates,20200326,regular
09HR3,Eleanora Macentee,20251022,regular
7KJPJ,Ellis Loftman,20240426,silver
19WDA,Shiloh Huntoon,20200502,regular
47WBL,Orval Gurnee,20240521,silver
0QNTG,Wilmer Casella,20201120,silver
3335W,Hanh Trolio,20240209,silver
UCRAO,Rey Bussard,20250719,silver
90JWQ,Damian Nabity,20220909,regular
N184G,Jefferson Yeiser,20250915,silver
OI0WM,Michael Freemantle,20251108,regular
20J0Z,Reuben Sommella,20220119,regular
83H9E,Carlos Yballe,20221012,silver
3511A,Nathaniel Provine,20221110,regular
D2XDI,Nannie Sandos,20200127,silver
79UV8,Millard Gellman,20211101,regular
4BM43,Wiley Traux,20210410,gold
H95FI,Loren Lacher,20220608,regular
XG46B,Filiberto Arterburn,20250207,silver
XLMPH,Londa Nauer,20250726,silver
D6H6K,Kyra Penton,20220409,regular
DLYFO,In Dalke,20210318,gold
F1CQB,Colby Grippe,20251025,regular
RGP5V,Zachariah Truscott,20240915,silver
4QR1H,Yadira Sorice,20200822,silver
YW364,Son Khalifah,20220521,regular
8F8MK,Ira Wrzesien,20220522,regular
PJI77,Reginald Singler,20221008,silver
DH7ND,Lamar Draffin,20240306,regular
IQ7UI,Lesha Wanger,20240210,silver
I51IF,Marylee Demorizi,20200215,regular
1X2H7,Alec Backues,20210105,regular
NH7H1,Shane Kelk,20250519,silver
9SG39,Federico Guerra,20231003,regular
FMQ5A,Josiah Schiavone,20201015,gold
QN3D4,Ned Matsuno,20240804,silver
0AQ8D,Rema Mierau,20210906,regular
261HL,Greta Zuch,20250727,regular
CUZ0I,Everett Widrig,20230418,regular
947P1,Fritz Filteau,20250309,silver
DLN0N,Alfonso Verdone,20210301,silver
XT77V,Allan Ulses,20250726,regular
5FQ40,Lovie Dion,20250425,silver
Z13KG,Houston Poskitt,20200524,silver
5EGNA,Mikel Woofter,20250603,silver
8K06F,Brooks Summerhill,20220425,regular
OP2XA,Hayden Sharratt,20240226,gold
05493,Cleveland Junius,20251126,gold
B4B5Q,Danial Minato,20201025,regular
O4BK8,Lavon Conniff,20230506,regular
5TZQN,Cami Vidra,20240905,regular
C89OC,Shayla Azzarito,20250923,regular
8HZ10,Bobbye Hutchens,20241205,regular
4D9M8,Samual Arroyos,20250508,silver
2P0Y8,Paige Zabaneh,20240227,regular
SRR83,Burl Bement,20220607,regular
XD3CS,Beverley Matthees,20221013,regular
J0Y17,Troy Ochs,20210315,regular
LQRYZ,Shawn Augustson,20251003,regular
C4OWW,Alissa Montoto,20200906,regular
K617O,Verlie Mcenroe,20211201,gold
6BE60,Tomeka Gruse,20211206,gold
0C0XF,Kasha Zierk,20211102,silver
5Z2SD,Jae Samo,20210516,silver
2132Z,Leanora Teabo,20230819,silver
7OW3N,Cliff Kuhls,20210822,regular
EZDBS,Mia Mcleoud,20241002,regular
4MSJA,Torrie Fredrick,20220712,silver
11KZB,Donte Faux,20250424,silver
